INSERT INTO users(id,created_by, created_on, modified_by, modified_on, version, authentication_type, client_code, employee_code, is_active,password, user_name, user_type)VALUES(1,'admin', '2019-02-27', 'admin', '2019-02-27', 0, 'EMPLOYEE', '870', '1260', 1, '$2a$12$o8azUP09QIpcL6Hu8pcjW.TXiF5t/Wr7KH.cC5TJn4J7eT5Xgz2Om', 'sambi@osius.com', 'EMPLOYEE');

INSERT INTO users(id,created_by, created_on, modified_by, modified_on, version, authentication_type, client_code, employee_code, is_active,password, user_name, user_type)VALUES(2,'admin', '2019-02-27', 'admin', '2019-02-27', 0, 'EMPLOYEE', '870', '1261', 1, '$2a$12$o8azUP09QIpcL6Hu8pcjW.TXiF5t/Wr7KH.cC5TJn4J7eT5Xgz2Om', 'testqa1@osius.com', 'EMPLOYEE');

INSERT INTO users(id,created_by, created_on, modified_by, modified_on, version, authentication_type, client_code, employee_code, is_active,password, user_name, user_type)VALUES(3,'admin', '2019-02-27', 'admin', '2019-02-27', 0, 'EMPLOYEE', '870', '1262', 1, '$2a$12$o8azUP09QIpcL6Hu8pcjW.TXiF5t/Wr7KH.cC5TJn4J7eT5Xgz2Om', 'testqa2@osius.com', 'EMPLOYEE');

INSERT INTO users(id,created_by, created_on, modified_by, modified_on, version, authentication_type, client_code, employee_code, is_active,password, user_name, user_type)VALUES(4,'admin', '2019-02-27', 'admin', '2019-02-27', 0, 'EMPLOYEE', '870', '1263', 1, '$2a$12$o8azUP09QIpcL6Hu8pcjW.TXiF5t/Wr7KH.cC5TJn4J7eT5Xgz2Om', 'testqa3@osius.com', 'EMPLOYEE');

INSERT INTO users(id,created_by, created_on, modified_by, modified_on, version, authentication_type, client_code, employee_code, is_active,password, user_name, user_type)VALUES(5,'admin', '2019-02-27', 'admin', '2019-02-27', 0, 'EMPLOYEE', '870', '1264', 1, '$2a$12$o8azUP09QIpcL6Hu8pcjW.TXiF5t/Wr7KH.cC5TJn4J7eT5Xgz2Om', 'testqa4@osius.com', 'EMPLOYEE');

INSERT INTO users(id,created_by, created_on, modified_by, modified_on, version, authentication_type, client_code, employee_code, is_active,password, user_name, user_type)VALUES(6,'admin', '2019-02-27', 'admin', '2019-02-27', 0, 'EMPLOYEE', '870', '1265', 1, '$2a$12$o8azUP09QIpcL6Hu8pcjW.TXiF5t/Wr7KH.cC5TJn4J7eT5Xgz2Om', 'testqa5@osius.com', 'EMPLOYEE');

INSERT INTO users(id,created_by, created_on, modified_by, modified_on, version, authentication_type, client_code, employee_code, is_active,password, user_name, user_type)VALUES(7,'admin', '2019-02-27', 'admin', '2019-02-27', 0, 'EMPLOYEE', '870', '1266', 1, '$2a$12$o8azUP09QIpcL6Hu8pcjW.TXiF5t/Wr7KH.cC5TJn4J7eT5Xgz2Om', 'testqa6@osius.com', 'EMPLOYEE');




INSERT INTO users(id,created_by, created_on, modified_by, modified_on, version, authentication_type, client_code, employee_code, is_active,password, user_name, user_type)VALUES(8,'admin', '2019-02-27', 'admin', '2019-02-27', 0, 'EMPLOYEE', '870', '1267', 1, '$2a$12$o8azUP09QIpcL6Hu8pcjW.TXiF5t/Wr7KH.cC5TJn4J7eT5Xgz2Om', 'dev@osius.com', 'EMPLOYEE');

INSERT INTO users(id,created_by, created_on, modified_by, modified_on, version, authentication_type, client_code, employee_code, is_active,password, user_name, user_type)VALUES(9,'admin', '2019-02-27', 'admin', '2019-02-27', 0, 'EMPLOYEE', '870', '1268', 1, '$2a$12$o8azUP09QIpcL6Hu8pcjW.TXiF5t/Wr7KH.cC5TJn4J7eT5Xgz2Om', 'dev1@osius.com', 'EMPLOYEE');

INSERT INTO users(id,created_by, created_on, modified_by, modified_on, version, authentication_type, client_code, employee_code, is_active,password, user_name, user_type)VALUES(10,'admin', '2019-02-27', 'admin', '2019-02-27', 0, 'EMPLOYEE', '870', '1269', 1, '$2a$12$o8azUP09QIpcL6Hu8pcjW.TXiF5t/Wr7KH.cC5TJn4J7eT5Xgz2Om', 'dev2@osius.com', 'EMPLOYEE');

INSERT INTO users(id,created_by, created_on, modified_by, modified_on, version, authentication_type, client_code, employee_code, is_active,password, user_name, user_type)VALUES(11,'admin', '2019-02-27', 'admin', '2019-02-27', 0, 'EMPLOYEE', '870', '1270', 1, '$2a$12$o8azUP09QIpcL6Hu8pcjW.TXiF5t/Wr7KH.cC5TJn4J7eT5Xgz2Om', 'dev3@osius.com', 'EMPLOYEE');



INSERT INTO [role](id,created_by, created_on, modified_by, modified_on, version, client_code, description, is_active, name, [type])VALUES(1,'admin', '2019-02-27', 'admin', '2019-02-27', 0, '870', 'Employee Role', 1, 'Employee', 'EMP');

INSERT INTO [role](id,created_by, created_on, modified_by, modified_on, version, client_code, description, is_active, name, [type])VALUES(2,'user', '2019-02-27', 'user', '2019-02-27', 0, '870', 'User Role', 1, 'User', 'USR');

INSERT INTO [role](id,created_by, created_on, modified_by, modified_on, version, client_code, description, is_active, name, [type])VALUES(3,'Test', '2019-02-27', 'Test', '2019-02-27', 0, '870', 'Test Role', 1, 'Test', 'TST');

INSERT INTO user_roles(id, role_id, user_id)VALUES(1, 1, 1);
INSERT INTO user_roles(id, role_id, user_id)VALUES(2, 1, 2);
INSERT INTO user_roles(id, role_id, user_id)VALUES(3, 1, 3);
INSERT INTO user_roles(id, role_id, user_id)VALUES(4, 1, 4);
INSERT INTO user_roles(id, role_id, user_id)VALUES(5, 1, 5);
INSERT INTO user_roles(id, role_id, user_id)VALUES(6, 1, 6);
INSERT INTO user_roles(id, role_id, user_id)VALUES(7, 2, 7);
INSERT INTO user_roles(id, role_id, user_id)VALUES(8, 1, 8);
INSERT INTO user_roles(id, role_id, user_id)VALUES(9, 1, 9);
INSERT INTO user_roles(id, role_id, user_id)VALUES(10, 2, 10);
INSERT INTO user_roles(id, role_id, user_id)VALUES(11, 2, 11);

INSERT INTO privilege_group(id, created_by, created_on, modified_by, modified_on, version, client_code, description, name)VALUES(1, 'admin', '2019-02-10', 'admin', '2019-02-19', 0, '870', 'Employee Privilege Group', 'Employee');

INSERT INTO privilege_group(id, created_by, created_on, modified_by, modified_on, version, client_code, description, name)VALUES(2, 'admin', '2019-02-10', 'admin', '2019-02-19', 0, '870', 'User Privilege Group', 'User');


-- Administration
INSERT INTO menu(id, description, icon_url, is_active, name, parent_id)VALUES(1, 'Administration', '', 1, 'Administration', 0);
--Client Info
INSERT INTO feature_code(id, code, description, module, name)VALUES(1, 'CLI.INFO', 'Company Information', 'module', 'Company Information');
INSERT INTO webform(id, description, name, [type], value) VALUES(1,'Client Info', 'Company Information', 'Dynamic', 'Companyinformation');
INSERT INTO menu_item(id, description, display_name, end_date, icon_url, is_active, name, start_date)VALUES(1, 'Comapany Information', 'Company Information', '2019-02-27', 'assets/images/icon-client-info-light.svg', 1, 'Company Information', '2019-02-27');
INSERT INTO privilege(id, [action], code, description, [type], feature_code_id, webform_id, menu_item_id)VALUES(1,'READ', 'CLIINFO.READ', 'Company Information view', 'VIEW', 1, 1,1);
INSERT INTO menu_map(id,[sequence], menu_id, menu_item_id)VALUES(1,1, 1, 1);

-- Role Management
INSERT INTO menu(id, description, icon_url, is_active, name, parent_id)VALUES(2, 'Role Management', 'assets/images/icon-roles-users-light.svg', 1, 'Role Management', 1);
--Role
INSERT INTO feature_code(id, code, description, module, name)VALUES(2, 'ROLE', 'Role', 'module', 'Role');
INSERT INTO webform(id, description, name, [type], value) VALUES(2,'Role', 'Role', 'Dynamic', 'Role');
INSERT INTO menu_item(id, description, display_name, end_date, icon_url, is_active, name, start_date)VALUES(2, 'Role', 'Role', '2019-02-27', 'assets/images/icon-roles-light.svg', 1, 'Role', '2019-02-27');
INSERT INTO privilege(id, [action], code, description, [type], feature_code_id, webform_id, menu_item_id)VALUES(2,'FULL', 'ROLE.FULL', 'Role manage', 'MANAGE', 2, 2,2);
INSERT INTO privilege(id, [action], code, description, [type], feature_code_id, webform_id, menu_item_id)VALUES(3,'READ', 'ROLE.READ', 'Role view', 'VIEW', 2, 2,2);
INSERT INTO menu_map(id,[sequence], menu_id, menu_item_id)VALUES(2,1, 2, 2);
--Access Group
INSERT INTO feature_code(id, code, description, module, name)VALUES(3, 'ACCESSGROUP', 'Access Group', 'module', 'Access Group');
INSERT INTO webform(id, description, name, [type], value) VALUES(3,'Access Group', 'Access Group', 'Dynamic', 'accessgroup');
INSERT INTO menu_item(id, description, display_name, end_date, icon_url, is_active, name, start_date)VALUES(3, 'Access Group', 'Access Group', '2019-02-27', 'assets/images/icon-privileges-light.svg', 1, 'Access Group', '2019-02-27');
INSERT INTO privilege(id, [action], code, description, [type], feature_code_id, webform_id, menu_item_id)VALUES(4,'FULL', 'ACCESSGROUP.FULL', 'Access Group manage', 'MANAGE', 3, 3,3);
INSERT INTO privilege(id, [action], code, description, [type], feature_code_id, webform_id, menu_item_id)VALUES(5,'READ', 'ACCESSGROUP.READ', 'Access Group view', 'VIEW', 3, 3,3);
INSERT INTO menu_map(id,[sequence], menu_id, menu_item_id)VALUES(3,2, 2, 3);
-- Roles & User
INSERT INTO feature_code(id, code, description, module, name)VALUES(4, 'ROLESUSER', 'Roles & User', 'module', 'Roles & User');
INSERT INTO webform(id, description, name, [type], value) VALUES(4,'Roles & User', 'Roles & User', 'Dynamic', 'rolesanduser');
INSERT INTO menu_item(id, description, display_name, end_date, icon_url, is_active, name, start_date)VALUES(4, 'Roles & User', 'Roles & User', '2019-02-27', 'assets/images/icon-roles-users-light.svg', 1, 'Roles & User', '2019-02-27');
INSERT INTO privilege(id, [action], code, description, [type], feature_code_id, webform_id, menu_item_id)VALUES(6,'FULL', 'ROLESUSER.FULL', 'Roles & User manage', 'MANAGE', 4, 4,4);
INSERT INTO privilege(id, [action], code, description, [type], feature_code_id, webform_id, menu_item_id)VALUES(7,'READ', 'ROLESUSER.READ', 'Roles & User view', 'VIEW', 4, 4,4);
INSERT INTO menu_map(id,[sequence], menu_id, menu_item_id)VALUES(4,3, 2, 4);

-- Company Management
INSERT INTO menu(id, description, icon_url, is_active, name, parent_id)VALUES(3, 'Company Management', 'assets/images/icon-roles-users-light.svg', 1, 'Company Management', 1);
-- Workers Comp Class
INSERT INTO feature_code(id, code, description, module, name)VALUES(5, 'WORKCOMP', 'Workers Comp Class', 'module', 'Workers Comp Class');
INSERT INTO webform(id, description, name, [type], value) VALUES(5,'Workers Comp Class', 'Workers Comp Class', 'Dynamic', 'WORKCOMPCLASS');
INSERT INTO menu_item(id, description, display_name, end_date, icon_url, is_active, name, start_date)VALUES(5, 'Workers Comp Class', 'Workers Comp Class', '2019-02-27', 'assets/images/icons-location-codes-light.svg', 1, 'Workers Comp Class', '2019-02-27');
INSERT INTO privilege(id, [action], code, description, [type], feature_code_id, webform_id, menu_item_id)VALUES(8,'READ', 'WORKCOMP.READ', 'Workers Comp Class view', 'VIEW', 5, 5, 5);
INSERT INTO menu_map(id,[sequence], menu_id, menu_item_id)VALUES(5,1, 3, 5);

-- Worksite Location (Location)
INSERT INTO feature_code(id, code, description, module, name)VALUES(6, 'LOC', 'Worksite Location', 'module', 'Worksite Location');
INSERT INTO webform(id, description, name, [type], value) VALUES(6,'Worksite Location', 'worksite location', 'Dynamic', 'worksitelocation');
INSERT INTO menu_item(id, description, display_name, end_date, icon_url, is_active, name, start_date)VALUES(6, 'Worksite Location', 'Worksite Location', '2019-02-27', 'assets/images/icons-location-codes-light.svg', 1, 'Worksite Location', '2019-02-27');
INSERT INTO privilege(id, [action], code, description, [type], feature_code_id, webform_id, menu_item_id)VALUES(9,'FULL', 'LOC.FULL', 'Worksite Location manage', 'MANAGE', 6, 6, 6);
INSERT INTO privilege(id, [action], code, description, [type], feature_code_id, webform_id, menu_item_id)VALUES(10,'READ', 'LOC.READ', 'Worksite Location view', 'VIEW', 6, 6, 6);
INSERT INTO menu_map(id,[sequence], menu_id, menu_item_id)VALUES(6,2, 3, 6);


--Department
INSERT INTO feature_code(id, code, description, module, name)VALUES(7, 'DEP', 'Department', 'module', 'Department');
INSERT INTO webform(id, description, name, [type], value) VALUES(7,'Department', 'department', 'Dynamic', 'department');
INSERT INTO menu_item(id, description, display_name, end_date, icon_url, is_active, name, start_date)VALUES(7, 'Department', 'Department', '2019-02-27', 'assets/images/icon-department-codes-white.svg', 1, 'Department', '2019-02-27');
INSERT INTO privilege(id, [action], code, description, [type], feature_code_id, webform_id, menu_item_id)VALUES(11,'FULL', 'DEP.FULL', 'Department manage', 'MANAGE', 7, 7,7);
INSERT INTO privilege(id, [action], code, description, [type], feature_code_id, webform_id, menu_item_id)VALUES(12,'READ', 'DEP.READ', 'Department view', 'VIEW', 7, 7, 7);
INSERT INTO menu_map(id,[sequence], menu_id, menu_item_id)VALUES(7,3, 3,7);
-- Project
INSERT INTO feature_code(id, code, description, module, name)VALUES(8, 'PROJ', 'Project', 'module', 'Project');
INSERT INTO webform(id, description, name, [type], value) VALUES(8,'Project', 'project', 'Dynamic', 'project');
INSERT INTO menu_item(id, description, display_name, end_date, icon_url, is_active, name, start_date)VALUES(8, 'Project', 'Project', '2019-02-27', 'assets/images/icon-project-code-white.svg', 1, 'Project', '2019-02-27');
INSERT INTO privilege(id, [action], code, description, [type], feature_code_id, webform_id, menu_item_id)VALUES(13,'FULL', 'PROJ.FULL', 'Project manage', 'MANAGE', 8, 8, 8);
INSERT INTO privilege(id, [action], code, description, [type], feature_code_id, webform_id, menu_item_id)VALUES(14,'READ', 'PROJ.READ', 'Project view', 'VIEW', 8, 8, 8);
INSERT INTO menu_map(id,[sequence], menu_id, menu_item_id)VALUES(8,4, 3, 8);

-- Occupation
INSERT INTO feature_code(id, code, description, module, name)VALUES(9, 'OCCU', 'Occupation', 'module', 'Occupation');
INSERT INTO webform(id, description, name, [type], value) VALUES(9,'Occupation', 'Occupation', 'Dynamic', 'occupation');
INSERT INTO menu_item(id, description, display_name, end_date, icon_url, is_active, name, start_date)VALUES(9, 'Occupation', 'Occupation', '2019-02-27', 'assets/images/icon-project-code-white.svg', 1, 'Occupation', '2019-02-27');
INSERT INTO privilege(id, [action], code, description, [type], feature_code_id, webform_id, menu_item_id)VALUES(15,'FULL', 'OCCU.FULL', 'Occupation manage', 'MANAGE', 9, 9, 9);
INSERT INTO privilege(id, [action], code, description, [type], feature_code_id, webform_id, menu_item_id)VALUES(16,'READ', 'OCCU.READ', 'Occupation view', 'VIEW', 9, 9, 9);
INSERT INTO menu_map(id,[sequence], menu_id, menu_item_id)VALUES(9,5, 3, 9);

--Division
INSERT INTO feature_code(id, code, description, module, name)VALUES(10, 'DIV', 'Division', 'module', 'Division');
INSERT INTO webform(id, description, name, [type], value) VALUES(10,'Division', 'division', 'Dynamic', 'division');
INSERT INTO menu_item(id, description, display_name, end_date, icon_url, is_active, name, start_date)VALUES(10, 'Division', 'Division', '2019-02-27', 'assets/images/icon-divisionCodes-white.svg', 1, 'Division', '2019-02-27');
INSERT INTO privilege(id, [action], code, description, [type], feature_code_id, webform_id, menu_item_id)VALUES(17,'FULL', 'DIV.FULL', 'Division manage', 'MANAGE', 10, 10, 10);
INSERT INTO privilege(id, [action], code, description, [type], feature_code_id, webform_id, menu_item_id)VALUES(18,'READ', 'DIV.READ', 'Division view', 'VIEW', 10, 10, 10);
INSERT INTO menu_map(id,[sequence], menu_id, menu_item_id)VALUES(10,6, 3, 10);

--Union
INSERT INTO feature_code(id, code, description, module, name)VALUES(11, 'UNI', 'Union', 'module', 'Union');
INSERT INTO webform(id, description, name, [type], value) VALUES(11,'Union', 'Union', 'Dynamic', 'union');
INSERT INTO menu_item(id, description, display_name, end_date, icon_url, is_active, name, start_date)VALUES(11, 'Union', 'Union', '2019-02-27', 'assets/images/icon-divisionCodes-white.svg', 1, 'Union', '2019-02-27');
INSERT INTO privilege(id, [action], code, description, [type], feature_code_id, webform_id, menu_item_id)VALUES(19,'FULL', 'UNI.FULL', 'Union manage', 'MANAGE', 11, 11, 11);
INSERT INTO privilege(id, [action], code, description, [type], feature_code_id, webform_id, menu_item_id)VALUES(20,'READ', 'UNI.READ', 'Union view', 'VIEW', 11, 11, 11);
INSERT INTO menu_map(id,[sequence], menu_id, menu_item_id)VALUES(11,7, 3, 11);

--SHIFT
INSERT INTO feature_code(id, code, description, module, name)VALUES(12, 'SHIFT', 'Shift', 'module', 'Shift');
INSERT INTO webform(id, description, name, [type], value) VALUES(12,'Shift', 'Shift', 'Dynamic', 'Shift');
INSERT INTO menu_item(id, description, display_name, end_date, icon_url, is_active, name, start_date)VALUES(12, 'Shift', 'Shift', '2019-02-27', 'assets/images/icon-divisionCodes-white.svg', 1, 'Shift', '2019-02-27');
INSERT INTO privilege(id, [action], code, description, [type], feature_code_id, webform_id, menu_item_id)VALUES(21,'FULL', 'SHIFT.FULL', 'Shift manage', 'MANAGE', 12, 12, 12);
INSERT INTO privilege(id, [action], code, description, [type], feature_code_id, webform_id, menu_item_id)VALUES(22,'READ', 'SHIFT.READ', 'Shift view', 'VIEW', 12, 12, 12);
INSERT INTO menu_map(id,[sequence], menu_id, menu_item_id)VALUES(12,8, 3, 12);

--EVENT
INSERT INTO feature_code(id, code, description, module, name)VALUES(13, 'EVENT', 'Event', 'module', 'Event');
INSERT INTO webform(id, description, name, [type], value) VALUES(13,'Event', 'Event', 'Dynamic', 'Event');
INSERT INTO menu_item(id, description, display_name, end_date, icon_url, is_active, name, start_date)VALUES(13, 'Event', 'Event', '2019-02-27', 'assets/images/icon-divisionCodes-white.svg', 1, 'Event', '2019-02-27');
INSERT INTO privilege(id, [action], code, description, [type], feature_code_id, webform_id, menu_item_id)VALUES(23,'FULL', 'EVENT.FULL', 'Event manage', 'MANAGE', 13, 13, 13);
INSERT INTO privilege(id, [action], code, description, [type], feature_code_id, webform_id, menu_item_id)VALUES(24,'READ', 'EVENT.READ', 'Event view', 'VIEW', 13, 13, 13);
INSERT INTO menu_map(id,[sequence], menu_id, menu_item_id)VALUES(13,9, 3, 13);

--WORK GROUP
INSERT INTO feature_code(id, code, description, module, name)VALUES(14, 'WRKGRP', 'Work Group', 'module', 'Work Group');
INSERT INTO webform(id, description, name, [type], value) VALUES(14,'Work Group', 'Work Group', 'Dynamic', 'Workgroup');
INSERT INTO menu_item(id, description, display_name, end_date, icon_url, is_active, name, start_date)VALUES(14, 'Work Group', 'Work Group', '2019-02-27', 'assets/images/icon-divisionCodes-white.svg', 1, 'Work Group', '2019-02-27');
INSERT INTO privilege(id, [action], code, description, [type], feature_code_id, webform_id, menu_item_id)VALUES(25,'FULL', 'WRKGRP.FULL', 'Event manage', 'MANAGE', 14, 14, 14);
INSERT INTO privilege(id, [action], code, description, [type], feature_code_id, webform_id, menu_item_id)VALUES(26,'READ', 'WRKGRP.READ', 'Event view', 'VIEW', 14, 14, 14);
INSERT INTO menu_map(id,[sequence], menu_id, menu_item_id)VALUES(14,10, 3, 14);

-- Skill
INSERT INTO feature_code(id, code, description, module, name)VALUES(15, 'SKILL', 'Skill', 'module', 'Skill');
INSERT INTO webform(id, description, name, [type], value) VALUES(15,'Skill', 'skill', 'Dynamic', 'skill');

INSERT INTO menu_item(id, description, display_name, end_date, icon_url, is_active, name, start_date)VALUES(15, 'Skill', 'Skill', '2019-02-27', 'assets/images/icon-skill-codes-light.svg', 1, 'Skill', '2019-02-27');

INSERT INTO privilege(id, [action], code, description, [type], feature_code_id, webform_id, menu_item_id)VALUES(27,'FULL', 'SKILL.FULL', 'Skill manage', 'MANAGE', 15, 15,15);
INSERT INTO privilege(id, [action], code, description, [type], feature_code_id, webform_id, menu_item_id)VALUES(28,'READ', 'SKILL.READ', 'Skill view', 'VIEW', 15, 15,15);
INSERT INTO menu_map(id,[sequence], menu_id, menu_item_id)VALUES(15,11, 3, 15);

-- Organization Defination
--need to remove Organization Definition
INSERT INTO menu(id, description, icon_url, is_active, name, parent_id)VALUES(4, 'Organization Definition', '', 1, 'Organization Definition', 0);
--Employee Attributes
INSERT INTO menu(id, description, icon_url, is_active, name, parent_id)VALUES(5, 'Employee Attributes', 'assets/images/icon-employee-attribute-white.svg', 1, 'Employee Attributes', 4);

-- Activity Category
INSERT INTO feature_code(id, code, description, module, name)VALUES(16, 'ACTCAT', 'Activity Category', 'module', 'Activity Category');
INSERT INTO webform(id, description, name, [type], value) VALUES(16,'Activity Category', 'Activity Category', 'Dynamic', 'activitycategory');
INSERT INTO menu_item(id, description, display_name, end_date, icon_url, is_active, name, start_date)VALUES(16, 'Activity Category', 'Activity Category', '2019-02-27', 'assets/images/icon-activity-category-light.svg', 1, 'Activity Category', '2019-02-27');
INSERT INTO privilege(id, [action], code, description, [type], feature_code_id, webform_id, menu_item_id)VALUES(29,'FULL', 'ACTCAT.FULL', 'Activity Category manage', 'MANAGE', 16, 16,16);
INSERT INTO privilege(id, [action], code, description, [type], feature_code_id, webform_id, menu_item_id)VALUES(30,'READ', 'ACTCAT.READ', 'Activity Category view', 'VIEW', 16, 16,16);
INSERT INTO menu_map(id,[sequence], menu_id, menu_item_id)VALUES(16,2,5, 16);
--Activity
INSERT INTO feature_code(id, code, description, module, name)VALUES(17, 'ACT', 'Activity', 'module', 'Activity');
INSERT INTO webform(id, description, name, [type], value) VALUES(17,'Activity', 'activity', 'Dynamic', 'activity');
INSERT INTO menu_item(id, description, display_name, end_date, icon_url, is_active, name, start_date)VALUES(17, 'Activity', 'Activity', '2019-02-27', 'assets/images/icon-activity-light.svg', 1, 'Activity', '2019-02-27');
INSERT INTO privilege(id, [action], code, description, [type], feature_code_id, webform_id, menu_item_id)VALUES(31,'FULL', 'ACT.FULL', 'Activity manage', 'MANAGE', 17, 17,17);
INSERT INTO privilege(id, [action], code, description, [type], feature_code_id, webform_id, menu_item_id)VALUES(32,'READ', 'ACT.READ', 'Activity view', 'VIEW', 17, 17,17);
INSERT INTO menu_map(id,[sequence], menu_id, menu_item_id)VALUES(17,3, 5, 17);

-- Employee Maintenance
INSERT INTO menu(id, description, icon_url, is_active, name, parent_id)VALUES(6, 'Employee Maintenance', '', 1, 'Employee Maintenance', 0);
-- Employee Profile
INSERT INTO menu(id, description, icon_url, is_active, name, parent_id)VALUES(7, 'Employee Profile', 'assets/images/icon-personal-Information-light.svg', 1, 'Employee Profile', 6);
INSERT INTO feature_code(id, code, description, module, name)VALUES(18, 'PERINFO', 'Personal Info', 'module', 'Personal Info');
INSERT INTO webform(id, description, name, [type], value) VALUES(18,'Personal Info', 'personal info', 'Dynamic', 'personalinfo');

INSERT INTO menu_item(id, description, display_name, end_date, icon_url, is_active, name, start_date)VALUES(18, 'Personal Information', 'Personal Information', '2019-02-27', 'assets/images/icon-personal-Information-light.svg', 1, 'Personal Information', '2019-02-27');
INSERT INTO privilege(id, [action], code, description, [type], feature_code_id, webform_id, menu_item_id)VALUES(33,'FULL', 'PERINF.FULL', 'Personal Info manage', 'MANAGE', 18, 18, 18);
INSERT INTO privilege(id, [action], code, description, [type], feature_code_id, webform_id, menu_item_id)VALUES(34,'READ', 'PERINF.READ', 'Personal Info view', 'VIEW', 18, 18, 18);
INSERT INTO menu_map(id,[sequence], menu_id, menu_item_id)VALUES(18,1, 7, 18);
--Skills
INSERT INTO feature_code(id, code, description, module, name)VALUES(19, 'SKILLS', 'Skills', 'module', 'Skills');
INSERT INTO webform(id, description, name, [type], value) VALUES(19,'Skills', 'skills', 'Dynamic', 'skills');
INSERT INTO menu_item(id, description, display_name, end_date, icon_url, is_active, name, start_date)VALUES(19, 'Skills', 'Skills', '2019-02-27', 'assets/images/icon-skills-light.svg', 1, 'Skills', '2019-02-27');

INSERT INTO privilege(id, [action], code, description, [type], feature_code_id, webform_id, menu_item_id)VALUES(35,'FULL', 'SKILLS.FULL', 'Skills manage', 'MANAGE', 19, 19, 19);
INSERT INTO privilege(id, [action], code, description, [type], feature_code_id, webform_id, menu_item_id)VALUES(36,'READ', 'SKILLS.READ', 'Skills view', 'VIEW', 19, 19, 19);
INSERT INTO menu_map(id,[sequence], menu_id, menu_item_id)VALUES(19,2, 7, 19);
--Education
INSERT INTO feature_code(id, code, description, module, name)VALUES(20, 'EDU', 'Education', 'module', 'Education');
INSERT INTO webform(id, description, name, [type], value) VALUES(20,'Education', 'education', 'Dynamic', 'education');

INSERT INTO menu_item(id, description, display_name, end_date, icon_url, is_active, name, start_date)VALUES( 20,'Education', 'Education', '2019-02-27', 'assets/images/icon-education-light.svg', 1, 'Education', '2019-02-27');

INSERT INTO privilege(id, [action], code, description, [type], feature_code_id, webform_id, menu_item_id)VALUES(37,'FULL', 'EDUC.FULL', 'Education manage', 'MANAGE', 20, 20,20);
INSERT INTO privilege(id, [action], code, description, [type], feature_code_id, webform_id, menu_item_id)VALUES(38,'READ', 'EDUC.READ', 'Education view', 'VIEW', 20, 20, 20);
INSERT INTO menu_map(id,[sequence], menu_id, menu_item_id)VALUES(20,3, 7, 20);
-- Dependent & Beneficiary
INSERT INTO feature_code(id, code, description, module, name)VALUES(21, 'DEPBEN', 'Dependent & Beneficiary', 'module', 'Dependent & Beneficiary');
INSERT INTO webform(id, description, name, [type], value) VALUES(21,'Dependent & Beneficiary', 'Dependent & Beneficiary', 'Dynamic', 'dependentBeneficiary');
INSERT INTO menu_item(id, description, display_name, end_date, icon_url, is_active, name, start_date)VALUES(21, 'Dependent & Beneficiary', 'Dependent & Beneficiary', '2019-02-27', 'assets/images/icon-dependendents-light.svg', 1, 'Dependent & Beneficiary', '2019-02-27');
INSERT INTO privilege(id, [action], code, description, [type], feature_code_id, webform_id, menu_item_id)VALUES(39,'FULL', 'DEPBEN.FULL', 'Dependent & Beneficiary manage', 'MANAGE', 21, 21, 21);
INSERT INTO privilege(id, [action], code, description, [type], feature_code_id, webform_id, menu_item_id)VALUES(40,'READ', 'DEPBEN.READ', 'Dependent & Beneficiary view', 'VIEW', 21, 21, 21);
INSERT INTO menu_map(id,[sequence], menu_id, menu_item_id)VALUES(21,4, 7, 21);


-- Employee Assignment
INSERT INTO menu(id, description, icon_url, is_active, name, parent_id)VALUES(8, 'Employee Assignment', 'assets/images/icon-employee-assignment-icon-light.svg', 1, 'Employee Assignment', 6);
-- Activity Log
INSERT INTO feature_code(id, code, description, module, name)VALUES(22, 'ACTLOG', 'Activity Log', 'module', 'Activity Log');
INSERT INTO webform(id, description, name, [type], value) VALUES(22,'Activity Log', 'activity log', 'Dynamic', 'activitylog');
INSERT INTO menu_item(id, description, display_name, end_date, icon_url, is_active, name, start_date)VALUES(22, 'Activity Log', 'Activity Log', '2019-02-27', 'assets/images/icon-activity-log-light.svg', 1, 'Activity Log', '2019-02-27');

INSERT INTO privilege(id, [action], code, description, [type], feature_code_id, webform_id, menu_item_id)VALUES(41,'FULL', 'ACTLOG.FULL', 'Activity Log manage', 'MANAGE', 22, 22, 22);
INSERT INTO privilege(id, [action], code, description, [type], feature_code_id, webform_id, menu_item_id)VALUES(42,'READ', 'ACTLOG.READ', 'Activity Log view', 'VIEW', 22, 22, 22);
INSERT INTO menu_map(id,[sequence], menu_id, menu_item_id)VALUES(22,1, 8, 22);


-- HR Actions
INSERT INTO menu(id, description, icon_url, is_active, name, parent_id)VALUES(9, 'HR Actions', '', 1, 'HR Actions', 0);
-- New Hire
INSERT INTO feature_code(id, code, description, module, name)VALUES(23, 'NEWHIRE', 'New Hire', 'module', 'New Hire');
INSERT INTO webform(id, description, name, [type], value) VALUES(23,'New Hire', 'newhire', 'Dynamic', 'newhire');
INSERT INTO menu_item(id, description, display_name, end_date, icon_url, is_active, name, start_date)VALUES(23, 'New Hire', 'New Hire', '2019-02-27', 'assets/images/icon-new-hire-light.svg', 1, 'New Hire', '2019-02-27');
INSERT INTO privilege(id, [action], code, description, [type], feature_code_id, webform_id, menu_item_id)VALUES(43,'FULL', 'NEWHIRE.FULL', 'New Hire manage', 'MANAGE', 23, 23, 23);
INSERT INTO privilege(id, [action], code, description, [type], feature_code_id, webform_id, menu_item_id)VALUES(44,'READ', 'NEWHIRE.READ', 'New Hire view', 'VIEW', 23, 23,23);
INSERT INTO menu_map(id,[sequence], menu_id, menu_item_id)VALUES(23,1, 9, 23);
-- Pay rate Change
INSERT INTO feature_code(id, code, description, module, name)VALUES(24, 'PAYRATE', 'Pay Rate Change', 'module', 'Pay Rate Change');
INSERT INTO webform(id, description, name, [type], value) VALUES(24,'Pay Rate Change', 'pay rate change', 'Dynamic', 'payratechange');

INSERT INTO menu_item(id, description, display_name, end_date, icon_url, is_active, name, start_date)VALUES(24, 'Pay Rate Change', 'Pay Rate Change', '2019-02-27', 'assets/images/icon-pay-rate-change-light.svg', 1, 'Pay Rate Change', '2019-02-27');

INSERT INTO privilege(id, [action], code, description, [type], feature_code_id, webform_id, menu_item_id)VALUES(45,'FULL', 'PAYRATE.FULL', 'PayRate Change manage', 'MANAGE', 24, 24, 24);
INSERT INTO privilege(id, [action], code, description, [type], feature_code_id, webform_id, menu_item_id)VALUES(46,'READ', 'PAYRATE.READ', 'PayRate Change view', 'VIEW', 24, 24, 24);
INSERT INTO menu_map(id,[sequence], menu_id, menu_item_id)VALUES(24,2, 9, 24);
-- Employee Loan
INSERT INTO feature_code(id, code, description, module, name)VALUES(25, 'EMPLOAN', 'Employee Loan', 'module', 'Employee Loan');
INSERT INTO webform(id, description, name, [type], value) VALUES(25,'Employee Loan', 'Employee loan', 'Dynamic', 'employeeloan');

INSERT INTO menu_item(id, description, display_name, end_date, icon_url, is_active, name, start_date)VALUES(25, 'Employee Loan', 'Employee Loan', '2019-02-27', 'assets/images/icon-pay-rate-change-light.svg', 1, 'Employee Loan', '2019-02-27');

INSERT INTO privilege(id, [action], code, description, [type], feature_code_id, webform_id, menu_item_id)VALUES(47,'FULL', 'EMPLOAN.FULL', 'Employee Loan manage', 'MANAGE', 25, 25, 25);
INSERT INTO privilege(id, [action], code, description, [type], feature_code_id, webform_id, menu_item_id)VALUES(48,'READ', 'EMPLOAN.READ', 'Employee Loan view', 'VIEW', 25, 25, 25);
INSERT INTO menu_map(id,[sequence], menu_id, menu_item_id)VALUES(25,3, 9, 25);

-- Employee Management
INSERT INTO feature_code(id, code, description, module, name)VALUES(26, 'EMPMANAGEMENT', 'Employee Management', 'module', 'Employee Management');
INSERT INTO webform(id, description, name, [type], value) VALUES(26,'Employee Management', 'Employee Management', 'Dynamic', 'employeemanagement');

INSERT INTO menu_item(id, description, display_name, end_date, icon_url, is_active, name, start_date)VALUES(26, 'Employee Management', 'Employee Management', '2019-02-27', 'assets/images/icon-pay-rate-change-light.svg', 1, 'Employee Loan', '2019-02-27');

INSERT INTO privilege(id, [action], code, description, [type], feature_code_id, webform_id, menu_item_id)VALUES(49,'FULL', 'EMPMANAGEMENT.FULL', 'Employee Management', 'MANAGE', 26, 26, 26);
INSERT INTO privilege(id, [action], code, description, [type], feature_code_id, webform_id, menu_item_id)VALUES(50,'READ', 'EMPMANAGEMENT.READ', 'Employee Management', 'VIEW', 26, 26, 26);
INSERT INTO menu_map(id,[sequence], menu_id, menu_item_id)VALUES(26,4, 9, 26);

-- Employee Document Notification (Employee Bulk Upload)
INSERT INTO feature_code(id, code, description, module, name)VALUES(27, 'EMPDOCNOTIFY', 'Employee Document Notification', 'module', 'Employee Document Notification');
INSERT INTO webform(id, description, name, [type], value) VALUES(27,'Employee Document Notification', 'Employee Document Notification', 'Dynamic', 'employeedocumentnotification');

INSERT INTO menu_item(id, description, display_name, end_date, icon_url, is_active, name, start_date)VALUES(27, 'Employee Document Notification', 'Employee Document Notification', '2019-02-27', 'assets/images/icon-pay-rate-change-light.svg', 1, 'Employee Document Notification', '2019-02-27');

INSERT INTO privilege(id, [action], code, description, [type], feature_code_id, webform_id, menu_item_id)VALUES(51,'FULL', 'EMPDOCNOTIFY.FULL', 'Employee Document Notification manage', 'MANAGE', 27, 27, 27);
INSERT INTO privilege(id, [action], code, description, [type], feature_code_id, webform_id, menu_item_id)VALUES(52,'READ', 'EMPDOCNOTIFY.READ', 'Employee Document Notification view', 'VIEW', 27, 27, 27);
INSERT INTO menu_map(id,[sequence], menu_id, menu_item_id)VALUES(27,5, 9, 27);

--Adminstration
-- Audit Log
INSERT INTO feature_code(id, code, description, module, name)VALUES(28, 'AUDITLOG', 'Audit Log', 'module', 'Audit Log');
INSERT INTO webform(id, description, name, [type], value) VALUES(28,'Audit Log', 'Audit Log', 'Dynamic', 'auditlog');

INSERT INTO menu_item(id, description, display_name, end_date, icon_url, is_active, name, start_date)VALUES(28, 'Audit Log', 'Audit Log', '2019-02-27', 'assets/images/icon-pay-rate-change-light.svg', 1, 'Audit Log', '2019-02-27');

INSERT INTO privilege(id, [action], code, description, [type], feature_code_id, webform_id, menu_item_id)VALUES(53,'FULL', 'AUDITLOG.FULL', 'Audit Log manage', 'MANAGE', 28, 28, 28);
INSERT INTO privilege(id, [action], code, description, [type], feature_code_id, webform_id, menu_item_id)VALUES(54,'READ', 'AUDITLOG.READ', 'Audit Log view', 'VIEW', 28, 28, 28);
INSERT INTO menu_map(id,[sequence], menu_id, menu_item_id)VALUES(28,2, 1, 28);


-- Assigning Full permission to the Role

INSERT INTO role_privileges(id, privilege_id, role_id, privilege_group_id)VALUES(1, 1, 1, 1);
INSERT INTO role_privileges(id, privilege_id, role_id, privilege_group_id)VALUES(2, 2, 1, 1);
INSERT INTO role_privileges(id, privilege_id, role_id, privilege_group_id)VALUES(3, 4, 1, 1);
INSERT INTO role_privileges(id, privilege_id, role_id, privilege_group_id)VALUES(4,6 , 1, 1);
INSERT INTO role_privileges(id, privilege_id, role_id, privilege_group_id)VALUES(5, 8, 1, 1);
INSERT INTO role_privileges(id, privilege_id, role_id, privilege_group_id)VALUES(6, 9, 1, 1);
INSERT INTO role_privileges(id, privilege_id, role_id, privilege_group_id)VALUES(7, 11, 1, 1);
INSERT INTO role_privileges(id, privilege_id, role_id, privilege_group_id)VALUES(8, 13, 1, 1);
INSERT INTO role_privileges(id, privilege_id, role_id, privilege_group_id)VALUES(9, 15, 1, 1);
INSERT INTO role_privileges(id, privilege_id, role_id, privilege_group_id)VALUES(10,17 , 1, 1);
INSERT INTO role_privileges(id, privilege_id, role_id, privilege_group_id)VALUES(11,19 , 1, 1);
INSERT INTO role_privileges(id, privilege_id, role_id, privilege_group_id)VALUES(12, 21, 1, 1);
INSERT INTO role_privileges(id, privilege_id, role_id, privilege_group_id)VALUES(13, 23, 1, 1);
INSERT INTO role_privileges(id, privilege_id, role_id, privilege_group_id)VALUES(14, 25, 1, 1);
INSERT INTO role_privileges(id, privilege_id, role_id, privilege_group_id)VALUES(15,27, 1, 1);
INSERT INTO role_privileges(id, privilege_id, role_id, privilege_group_id)VALUES(16, 29, 1, 1);
INSERT INTO role_privileges(id, privilege_id, role_id, privilege_group_id)VALUES(17, 31, 1, 1);
INSERT INTO role_privileges(id, privilege_id, role_id, privilege_group_id)VALUES(18,33 , 1, 1);
INSERT INTO role_privileges(id, privilege_id, role_id, privilege_group_id)VALUES(19, 35, 1, 1);
INSERT INTO role_privileges(id, privilege_id, role_id, privilege_group_id)VALUES(20, 37, 1, 1);
INSERT INTO role_privileges(id, privilege_id, role_id, privilege_group_id)VALUES(21, 39, 1, 1);
INSERT INTO role_privileges(id, privilege_id, role_id, privilege_group_id)VALUES(22, 41, 1, 1);
INSERT INTO role_privileges(id, privilege_id, role_id, privilege_group_id)VALUES(23,43, 1, 1);
INSERT INTO role_privileges(id, privilege_id, role_id, privilege_group_id)VALUES(24, 45, 1, 1);
INSERT INTO role_privileges(id, privilege_id, role_id, privilege_group_id)VALUES(25, 47, 1, 1);
INSERT INTO role_privileges(id, privilege_id, role_id, privilege_group_id)VALUES(51, 49, 1, 1);
INSERT INTO role_privileges(id, privilege_id, role_id, privilege_group_id)VALUES(53, 51, 1, 1);
INSERT INTO role_privileges(id, privilege_id, role_id, privilege_group_id)VALUES(55, 53, 1, 1);

-- Assigning Read permission to the Role
INSERT INTO role_privileges(id, privilege_id, role_id, privilege_group_id)VALUES(26, 1, 2, 2);
INSERT INTO role_privileges(id, privilege_id, role_id, privilege_group_id)VALUES(27, 3, 2, 2);
INSERT INTO role_privileges(id, privilege_id, role_id, privilege_group_id)VALUES(28, 5, 2, 2);
INSERT INTO role_privileges(id, privilege_id, role_id, privilege_group_id)VALUES(29,7, 2, 2);
INSERT INTO role_privileges(id, privilege_id, role_id, privilege_group_id)VALUES(30, 8, 2, 2);
INSERT INTO role_privileges(id, privilege_id, role_id, privilege_group_id)VALUES(31, 10, 2, 2);
INSERT INTO role_privileges(id, privilege_id, role_id, privilege_group_id)VALUES(32, 12, 2, 2);
INSERT INTO role_privileges(id, privilege_id, role_id, privilege_group_id)VALUES(33, 14, 2, 2);
INSERT INTO role_privileges(id, privilege_id, role_id, privilege_group_id)VALUES(34, 16, 2, 2);
INSERT INTO role_privileges(id, privilege_id, role_id, privilege_group_id)VALUES(35,18, 2, 2);
INSERT INTO role_privileges(id, privilege_id, role_id, privilege_group_id)VALUES(36,20 , 2, 2);
INSERT INTO role_privileges(id, privilege_id, role_id, privilege_group_id)VALUES(37, 22, 2, 2);
INSERT INTO role_privileges(id, privilege_id, role_id, privilege_group_id)VALUES(38, 24, 2, 2);
INSERT INTO role_privileges(id, privilege_id, role_id, privilege_group_id)VALUES(39, 26, 2, 2);
INSERT INTO role_privileges(id, privilege_id, role_id, privilege_group_id)VALUES(40,28, 2, 2);
INSERT INTO role_privileges(id, privilege_id, role_id, privilege_group_id)VALUES(41, 30, 2, 2);
INSERT INTO role_privileges(id, privilege_id, role_id, privilege_group_id)VALUES(42, 32, 2, 2);
INSERT INTO role_privileges(id, privilege_id, role_id, privilege_group_id)VALUES(43,34, 2, 2);
INSERT INTO role_privileges(id, privilege_id, role_id, privilege_group_id)VALUES(44, 36, 2, 2);
INSERT INTO role_privileges(id, privilege_id, role_id, privilege_group_id)VALUES(45, 38, 2, 2);
INSERT INTO role_privileges(id, privilege_id, role_id, privilege_group_id)VALUES(46, 40, 2, 2);
INSERT INTO role_privileges(id, privilege_id, role_id, privilege_group_id)VALUES(47, 42, 2, 2);
INSERT INTO role_privileges(id, privilege_id, role_id, privilege_group_id)VALUES(48,44, 2, 2);
INSERT INTO role_privileges(id, privilege_id, role_id, privilege_group_id)VALUES(49, 46, 2, 2);
INSERT INTO role_privileges(id, privilege_id, role_id, privilege_group_id)VALUES(50, 48, 2, 2);
INSERT INTO role_privileges(id, privilege_id, role_id, privilege_group_id)VALUES(52, 50, 2, 2);
INSERT INTO role_privileges(id, privilege_id, role_id, privilege_group_id)VALUES(54, 52, 2, 2);
INSERT INTO role_privileges(id, privilege_id, role_id, privilege_group_id)VALUES(56, 54, 2, 2);


--Payroll
INSERT INTO menu(id, description, icon_url, is_active, name, parent_id)VALUES(10, 'Payroll', '', 1, 'Payroll', 0);

--Timesheet
INSERT INTO feature_code(id, code, description, module, name)VALUES(29, 'TIMESHEETS', 'Timesheet', 'module', 'Timesheet');
INSERT INTO webform(id, description, name, [type], value) VALUES(29,'Timesheet', 'Timesheet', 'Dynamic', 'timesheet');

INSERT INTO menu_item(id, description, display_name, end_date, icon_url, is_active, name, start_date)VALUES(29, 'Timesheet', 'Timesheet', '2019-02-27', 'assets/images/icon-pay-rate-change-light.svg', 1, 'Timesheet', '2019-02-27');

INSERT INTO privilege(id, [action], code, description, [type], feature_code_id, webform_id, menu_item_id)VALUES(56,'FULL', 'TIMESHEETS.FULL', 'Timesheet', 'MANAGE', 29, 29, 29);
INSERT INTO privilege(id, [action], code, description, [type], feature_code_id, webform_id, menu_item_id)VALUES(55,'READ', 'TIMESHEETS.READ', 'Timesheet', 'VIEW', 29, 29, 29);
INSERT INTO menu_map(id,[sequence], menu_id, menu_item_id)VALUES(29,1, 10, 29);

INSERT INTO role_privileges(id, privilege_id, role_id, privilege_group_id)VALUES(57, 55, 2, 2);
INSERT INTO role_privileges(id, privilege_id, role_id, privilege_group_id)VALUES(58, 55, 1, 1);

-- HR Actions
-- Leave of Absence Management
--INSERT INTO feature_code(id, code, description, module, name)VALUES(30, 'LOA', 'Leave of Absence Management', 'module', 'Leave of Absence Management');
--INSERT INTO webform(id, description, name, [type], value) VALUES(30,'Leave of Absence Management', 'Leave of Absence Management', 'Dynamic', 'leaveOfAbsenceManagement');

--INSERT INTO menu_item(id, description, display_name, end_date, icon_url, is_active, name, start_date)VALUES(30, 'Leave of Absence Management', 'Leave of Absence Management', '2019-02-27', 'assets/images/icon-pay-rate-change-light.svg', 1, 'Leave of Absence Management', '2019-02-27');

--INSERT INTO privilege(id, [action], code, description, [type], feature_code_id, webform_id, menu_item_id)VALUES(57,'FULL', 'LOA.FULL', 'Leave of Absence Management manage', 'MANAGE', 30, 30, 30);
--INSERT INTO privilege(id, [action], code, description, [type], feature_code_id, webform_id, menu_item_id)VALUES(58,'READ', 'LOA.READ', 'Leave of Absence Management view', 'VIEW', 30, 30, 30);
--INSERT INTO menu_map(id,[sequence], menu_id, menu_item_id)VALUES(30,6, 9, 30);

--INSERT INTO role_privileges(id, privilege_id, role_id, privilege_group_id)VALUES(59, 57, 1, 1);
--INSERT INTO role_privileges(id, privilege_id, role_id, privilege_group_id)VALUES(56, 58, 2, 2);


-- Leave of Absence Management
INSERT INTO menu(id, description, icon_url, is_active, name, parent_id)VALUES(11, 'Leave of Absence Management', 'assets/images/icon-roles-users-light.svg', 1, 'Leave of Absence Management', 9);
-- Employee Leave Requests
INSERT INTO feature_code(id, code, description, module, name)VALUES(30, 'EMPLEAVEREQUEST', 'Employee Leave Requests', 'module', 'Employee Leave Requests');
INSERT INTO webform(id, description, name, [type], value) VALUES(30,'Employee Leave Requests', 'Employee Leave Requests', 'Dynamic', 'EMPLEAVEREQUEST');
INSERT INTO menu_item(id, description, display_name, end_date, icon_url, is_active, name, start_date)VALUES(30, 'Employee Leave Requests', 'Employee Leave Requests', '2019-02-27', 'assets/images/icons-location-codes-light.svg', 1, 'Employee Leave Requests', '2019-02-27');
INSERT INTO privilege(id, [action], code, description, [type], feature_code_id, webform_id, menu_item_id)VALUES(57,'READ', 'EMPLEAVEREQUEST.READ', 'Employee Leave Requests view', 'VIEW', 30, 30, 30);
INSERT INTO privilege(id, [action], code, description, [type], feature_code_id, webform_id, menu_item_id)VALUES(58,'FULL', 'EMPLEAVEREQUEST.FULL', 'Employee Leave Requests manage', 'MANAGE', 30,30,30);
INSERT INTO menu_map(id,[sequence], menu_id, menu_item_id)VALUES(30,1, 11, 30);

INSERT INTO role_privileges(id, privilege_id, role_id, privilege_group_id)VALUES(59, 57, 2, 2);

INSERT INTO role_privileges(id, privilege_id, role_id, privilege_group_id)VALUES(60, 58, 1, 1);

-- Leave of Absence Setup
INSERT INTO feature_code(id, code, description, module, name)VALUES(31, 'LEAVEABSENCESETUP', 'Leave of Absence Setup', 'module', 'Leave of Absence Setup');
INSERT INTO webform(id, description, name, [type], value) VALUES(31,'Leave of Absence Setup', 'Leave of Absence Setup', 'Dynamic', 'LEAVEABSENCESETUP');
INSERT INTO menu_item(id, description, display_name, end_date, icon_url, is_active, name, start_date)VALUES(31, 'Leave of Absence Setup', 'Leave of Absence Setup', '2019-02-27', 'assets/images/icons-location-codes-light.svg', 1, 'Leave of Absence Setup', '2019-02-27');
INSERT INTO privilege(id, [action], code, description, [type], feature_code_id, webform_id, menu_item_id)VALUES(59,'FULL', 'LEAVEABSENCESETUP.FULL', 'Leave of Absence Setup manage', 'MANAGE', 31,31,31);

INSERT INTO privilege(id, [action], code, description, [type], feature_code_id, webform_id, menu_item_id)VALUES(60,'READ', 'LEAVEABSENCESETUP.READ', 'Leave of Absence Setup view', 'VIEW', 31, 31, 31);
INSERT INTO menu_map(id,[sequence], menu_id, menu_item_id)VALUES(31,2, 11, 31);


INSERT INTO role_privileges(id, privilege_id, role_id, privilege_group_id)VALUES(61, 59, 1, 1);
INSERT INTO role_privileges(id, privilege_id, role_id, privilege_group_id)VALUES(62, 60, 2, 2);

--Archived Requests
INSERT INTO feature_code(id, code, description, module, name)VALUES(32, 'ARCHIVEDREQ', 'Archived Requests', 'module', 'Archived Requests');
INSERT INTO webform(id, description, name, [type], value) VALUES(32,'Archived Requests', 'Archived Requests', 'Dynamic', 'ARCHIVEDREQ');
INSERT INTO menu_item(id, description, display_name, end_date, icon_url, is_active, name, start_date)VALUES(32, 'Archived Requests', 'Archived Requests', '2019-02-27', 'assets/images/icons-location-codes-light.svg', 1, 'Archived Requests', '2019-02-27');
INSERT INTO privilege(id, [action], code, description, [type], feature_code_id, webform_id, menu_item_id)VALUES(61,'FULL', 'ARCHIVEDREQ.FULL', 'Archived Requests manage', 'MANAGE', 32,32,32);

INSERT INTO privilege(id, [action], code, description, [type], feature_code_id, webform_id, menu_item_id)VALUES(62,'READ', 'ARCHIVEDREQ.READ', 'Archived Requests view', 'VIEW', 32, 32, 32);
INSERT INTO menu_map(id,[sequence], menu_id, menu_item_id)VALUES(32,3, 11, 32);


INSERT INTO role_privileges(id, privilege_id, role_id, privilege_group_id)VALUES(63, 61, 1, 1);
INSERT INTO role_privileges(id, privilege_id, role_id, privilege_group_id)VALUES(64, 62, 2, 2);


--Request for Leave of Absence
INSERT INTO feature_code(id, code, description, module, name)VALUES(33, 'REQLEAVEABSENCE', 'Request for Leave of Absence', 'module', 'Request for Leave of Absence');
INSERT INTO webform(id, description, name, [type], value) VALUES(33,'Request for Leave of Absence', 'Request for Leave of Absence', 'Dynamic', 'Request for Leave of Absence');

INSERT INTO menu_item(id, description, display_name, end_date, icon_url, is_active, name, start_date)VALUES(33, 'Request for Leave of Absence', 'Request for Leave of Absence', '2019-02-27', 'assets/images/icon-pay-rate-change-light.svg', 1, 'Request for Leave of Absence', '2019-02-27');

INSERT INTO privilege(id, [action], code, description, [type], feature_code_id, webform_id, menu_item_id)VALUES(63,'FULL', 'REQLEAVEABSENCE.FULL', 'Request for Leave of Absence Manage', 'MANAGE', 33, 33, 33);
INSERT INTO privilege(id, [action], code, description, [type], feature_code_id, webform_id, menu_item_id)VALUES(64,'READ', 'REQLEAVEABSENCE.READ', 'Request for Leave of Absence View', 'VIEW', 33, 33, 33);
INSERT INTO menu_map(id,[sequence], menu_id, menu_item_id)VALUES(33,1, 9, 33);

INSERT INTO role_privileges(id, privilege_id, role_id, privilege_group_id)VALUES(65, 63, 2, 2);
INSERT INTO role_privileges(id, privilege_id, role_id, privilege_group_id)VALUES(66, 64, 1, 1);


---Announcements Mega Menu-----

INSERT INTO feature_code(id, code, description, module, name)VALUES(34, 'ANNOUNCEMENTS', 'Announcements', 'module', 'Announcements');
INSERT INTO webform(id, description, name, [type], value) VALUES(34,'Announcements', 'Announcements', 'Dynamic', 'Announcements');

INSERT INTO menu_item(id, description, display_name, end_date, icon_url, is_active, name, start_date)VALUES(34, 'Announcements', 'Announcements', '2020-06-27', 'assets/images/icon-pay-rate-change-light.svg', 1, 'Announcements', '2019-06-04');

INSERT INTO privilege(id, [action], code, description, [type], feature_code_id, webform_id, menu_item_id)VALUES(65,'FULL', 'ANNOUNCEMENTS.FULL', 'Announcements', 'MANAGE', 34, 34, 34);
INSERT INTO privilege(id, [action], code, description, [type], feature_code_id, webform_id, menu_item_id)VALUES(66,'READ', 'ANNOUNCEMENTS.READ', 'Announcements', 'VIEW', 34, 34, 34);
INSERT INTO menu_map(id,[sequence], menu_id, menu_item_id)VALUES(34,1, 1, 34);

INSERT INTO role_privileges(id, privilege_id, role_id, privilege_group_id)VALUES(67, 65, 2, 2);
INSERT INTO role_privileges(id, privilege_id, role_id, privilege_group_id)VALUES(68, 66, 1, 1);
