INSERT INTO users(id,created_by, created_on, modified_by, modified_on, version, authentication_type, client_code, employee_code, is_active,password, user_name, user_type)VALUES(1,'admin', '2019-02-27', 'admin', '2019-02-27', 0, 'EMPLOYEE', '870', '1260', 1, '$2a$12$o8azUP09QIpcL6Hu8pcjW.TXiF5t/Wr7KH.cC5TJn4J7eT5Xgz2Om', 'sambi@osius.com', 'EMPLOYEE');

INSERT INTO users(id,created_by, created_on, modified_by, modified_on, version, authentication_type, client_code, employee_code, is_active,password, user_name, user_type)VALUES(2,'admin', '2019-02-27', 'admin', '2019-02-27', 0, 'EMPLOYEE', '870', '1261', 1, '$2a$12$o8azUP09QIpcL6Hu8pcjW.TXiF5t/Wr7KH.cC5TJn4J7eT5Xgz2Om', 'testqa1@osius.com', 'EMPLOYEE');

INSERT INTO users(id,created_by, created_on, modified_by, modified_on, version, authentication_type, client_code, employee_code, is_active,password, user_name, user_type)VALUES(3,'admin', '2019-02-27', 'admin', '2019-02-27', 0, 'EMPLOYEE', '870', '1262', 1, '$2a$12$o8azUP09QIpcL6Hu8pcjW.TXiF5t/Wr7KH.cC5TJn4J7eT5Xgz2Om', 'testqa2@osius.com', 'EMPLOYEE');

INSERT INTO users(id,created_by, created_on, modified_by, modified_on, version, authentication_type, client_code, employee_code, is_active,password, user_name, user_type)VALUES(4,'admin', '2019-02-27', 'admin', '2019-02-27', 0, 'EMPLOYEE', '870', '1263', 1, '$2a$12$o8azUP09QIpcL6Hu8pcjW.TXiF5t/Wr7KH.cC5TJn4J7eT5Xgz2Om', 'testqa3@osius.com', 'EMPLOYEE');

INSERT INTO users(id,created_by, created_on, modified_by, modified_on, version, authentication_type, client_code, employee_code, is_active,password, user_name, user_type)VALUES(5,'admin', '2019-02-27', 'admin', '2019-02-27', 0, 'EMPLOYEE', '870', '1264', 1, '$2a$12$o8azUP09QIpcL6Hu8pcjW.TXiF5t/Wr7KH.cC5TJn4J7eT5Xgz2Om', 'testqa4@osius.com', 'EMPLOYEE');

INSERT INTO users(id,created_by, created_on, modified_by, modified_on, version, authentication_type, client_code, employee_code, is_active,password, user_name, user_type)VALUES(6,'admin', '2019-02-27', 'admin', '2019-02-27', 0, 'EMPLOYEE', '870', '1265', 1, '$2a$12$o8azUP09QIpcL6Hu8pcjW.TXiF5t/Wr7KH.cC5TJn4J7eT5Xgz2Om', 'testqa5@osius.com', 'EMPLOYEE');

INSERT INTO users(id,created_by, created_on, modified_by, modified_on, version, authentication_type, client_code, employee_code, is_active,password, user_name, user_type)VALUES(7,'admin', '2019-02-27', 'admin', '2019-02-27', 0, 'EMPLOYEE', '870', '1266', 1, '$2a$12$o8azUP09QIpcL6Hu8pcjW.TXiF5t/Wr7KH.cC5TJn4J7eT5Xgz2Om', 'testqa6@osius.com', 'EMPLOYEE');


INSERT INTO users(id,created_by, created_on, modified_by, modified_on, version, authentication_type, client_code, employee_code, is_active,password, user_name, user_type)VALUES(8,'admin', '2019-02-27', 'admin', '2019-02-27', 0, 'EMPLOYEE', '870', '1267', 1, '$2a$12$o8azUP09QIpcL6Hu8pcjW.TXiF5t/Wr7KH.cC5TJn4J7eT5Xgz2Om', 'dev@osius.com', 'EMPLOYEE');

INSERT INTO users(id,created_by, created_on, modified_by, modified_on, version, authentication_type, client_code, employee_code, is_active,password, user_name, user_type)VALUES(9,'admin', '2019-02-27', 'admin', '2019-02-27', 0, 'EMPLOYEE', '870', '1268', 1, '$2a$12$o8azUP09QIpcL6Hu8pcjW.TXiF5t/Wr7KH.cC5TJn4J7eT5Xgz2Om', 'dev1@osius.com', 'EMPLOYEE');

INSERT INTO users(id,created_by, created_on, modified_by, modified_on, version, authentication_type, client_code, employee_code, is_active,password, user_name, user_type)VALUES(10,'admin', '2019-02-27', 'admin', '2019-02-27', 0, 'EMPLOYEE', '870', '1269', 1, '$2a$12$o8azUP09QIpcL6Hu8pcjW.TXiF5t/Wr7KH.cC5TJn4J7eT5Xgz2Om', 'dev2@osius.com', 'EMPLOYEE');

INSERT INTO users(id,created_by, created_on, modified_by, modified_on, version, authentication_type, client_code, employee_code, is_active,password, user_name, user_type)VALUES(11,'admin', '2019-02-27', 'admin', '2019-02-27', 0, 'EMPLOYEE', '870', '1270', 1, '$2a$12$o8azUP09QIpcL6Hu8pcjW.TXiF5t/Wr7KH.cC5TJn4J7eT5Xgz2Om', 'dev3@osius.com', 'EMPLOYEE');



INSERT INTO [role](id,created_by, created_on, modified_by, modified_on, version, client_code, description, is_active, name, [type])VALUES(1,'admin', '2019-02-27', 'admin', '2019-02-27', 0, '870', ' Admin Role', 1, 'Admin', 'ADMIN');

INSERT INTO [role](id,created_by, created_on, modified_by, modified_on, version, client_code, description, is_active, name, [type])VALUES(2,'user', '2019-02-27', 'user', '2019-02-27', 0, '870', 'User Role', 1, 'User', 'USR');

INSERT INTO [role](id,created_by, created_on, modified_by, modified_on, version, client_code, description, is_active, name, [type])VALUES(3,'Test', '2019-02-27', 'Test', '2019-02-27', 0, '870', 'Test Role', 1, 'Test', 'TST');

INSERT INTO [role](id,created_by, created_on, modified_by, modified_on, version, client_code, description, is_active, name, [type])VALUES(4,'admin', '2019-02-27', 'admin', '2019-02-27', 0, '870', 'Employee Role', 1, 'Employee', 'EMPLOYEE');

INSERT INTO user_roles(id, role_id, user_id)VALUES(1, 1, 1);
INSERT INTO user_roles(id, role_id, user_id)VALUES(2, 1, 2);
INSERT INTO user_roles(id, role_id, user_id)VALUES(3, 1, 3);
INSERT INTO user_roles(id, role_id, user_id)VALUES(4, 1, 4);
INSERT INTO user_roles(id, role_id, user_id)VALUES(5, 1, 5);
INSERT INTO user_roles(id, role_id, user_id)VALUES(6, 1, 6);
INSERT INTO user_roles(id, role_id, user_id)VALUES(7, 2, 7);
INSERT INTO user_roles(id, role_id, user_id)VALUES(8, 1, 8);
INSERT INTO user_roles(id, role_id, user_id)VALUES(9, 1, 9);
INSERT INTO user_roles(id, role_id, user_id)VALUES(10, 2, 10);
INSERT INTO user_roles(id, role_id, user_id)VALUES(11, 2, 11);
